experiment,model,best_params,training_time,prediction_time,test_accuracy,test_precision_macro,test_recall_macro,test_f1_macro,test_roc_auc_ovr,cv_test_accuracy,cv_test_accuracy_std,cv_test_precision_macro,cv_test_precision_macro_std,cv_test_recall_macro,cv_test_recall_macro_std,cv_test_f1_macro,cv_test_f1_macro_std,cv_test_roc_auc_ovr,cv_test_roc_auc_ovr_std,model_type,balance_strategy,imbalance_ratio,class_distribution
class_balancing_study,RandomForest_no_balance_ratio_0.1,{},16.623905181884766,1.3553128242492676,0.9868565169769989,0.9807000795544949,0.9385542168674699,0.958428194153538,,0.9858447488584474,0.0024842868509106124,0.9653328959143355,0.007346423212821569,0.947800919804474,0.013259965682471939,0.9562066956862633,0.007972942023747338,0.9955418113839551,0.00440623928417007,RandomForest,no_balance,0.1,"Counter({np.int64(0): 3319, np.int64(1): 331})"
class_balancing_study,SVM_no_balance_ratio_0.1,{},42.54822134971619,1.0020966529846191,0.9901423877327492,0.9886420801106709,0.9512048192771084,0.9689986530995688,,0.9873972602739726,0.003091563631015666,0.9683941650995274,0.011790900077001024,0.9545452196871747,0.011113465900490737,0.961221916719971,0.009446244535765326,0.9933662422385091,0.00789415337815157,SVM,no_balance,0.1,"Counter({np.int64(0): 3319, np.int64(1): 331})"
class_balancing_study,MultinomialNB_no_balance_ratio_0.1,{},6.422439098358154,0.4501779079437256,0.9452354874041621,0.8293471146503764,0.8506024096385543,0.8395362897556312,,0.9337899543378995,0.00626087178118817,0.7953294565070096,0.018271439138877153,0.8271099745942929,0.020964499269483145,0.8097487408190538,0.017286143030416933,0.9574400175035377,0.009564191492713722,MultinomialNB,no_balance,0.1,"Counter({np.int64(0): 3319, np.int64(1): 331})"
class_balancing_study,RandomForest_balanced_ratio_0.1,{},4.4742431640625,0.47461843490600586,0.9901423877327492,0.9946364719904648,0.9457831325301205,0.9686413543332328,,0.9853881278538811,0.00389602356305052,0.9639510505131529,0.016210703039683975,0.9466255188385148,0.012886969622360812,0.9548990891898065,0.011944669117573584,0.9932261332475005,0.005299518645021161,RandomForest,balanced,0.1,"Counter({np.int64(0): 3319, np.int64(1): 331})"
class_balancing_study,SVM_balanced_ratio_0.1,{},16.57641887664795,1.0743393898010254,0.9901423877327492,0.9776485594237695,0.9620481927710843,0.9696866849399968,,0.9849315068493151,0.0037431783619943696,0.9438119741792319,0.014076752731433573,0.9686010127804081,0.012159626525525614,0.955612776739896,0.010826535869052517,0.9971604520289163,0.0016224821275211568,SVM,balanced,0.1,"Counter({np.int64(0): 3319, np.int64(1): 331})"
class_balancing_study,RandomForest_balanced_subsample_ratio_0.1,{},4.4388511180877686,0.5101356506347656,0.9868565169769989,0.9866030658838878,0.9331325301204819,0.9579456471672041,,0.9855707762557077,0.003870250246651529,0.9674692938970766,0.01698161300495019,0.9440198150238929,0.012202375899079992,0.9551813757111967,0.01190279460005199,0.9937388959601161,0.004474618960506489,RandomForest,balanced_subsample,0.1,"Counter({np.int64(0): 3319, np.int64(1): 331})"
class_balancing_study,RandomForest_no_balance_ratio_0.3,{},8.412261247634888,0.5999903678894043,0.9768303985171455,0.9679845502891968,0.9666666666666667,0.9673235075716188,,0.9802203504206177,0.003548116431884017,0.9728731871313812,0.006062628432866814,0.9714284265159655,0.00611083764790623,0.9720912820616222,0.005017688587173736,0.9974540639649939,0.0008557893917884776,RandomForest,no_balance,0.3,"Counter({np.int64(0): 3319, np.int64(1): 995})"
class_balancing_study,SVM_no_balance_ratio_0.3,{},25.784792184829712,1.2122502326965332,0.9777571825764597,0.9752366009165172,0.9616465863453816,0.9682242073230587,,0.9822295648464545,0.003866754380771852,0.978985359973074,0.005736151990734872,0.9707404741943132,0.006894314018429268,0.9747386016910121,0.005559005025534953,0.9982707686365951,0.0008044322745694793,SVM,no_balance,0.3,"Counter({np.int64(0): 3319, np.int64(1): 995})"
class_balancing_study,MultinomialNB_no_balance_ratio_0.3,{},4.610726356506348,0.4967162609100342,0.9481000926784059,0.9222690460495339,0.9339357429718875,0.9279121927940825,,0.9418189036428439,0.006800169507562532,0.9093550344950073,0.010651649564405587,0.9336871067495308,0.009276276747566486,0.9204954297288637,0.009019391980353453,0.975759362818685,0.005126879001540965,MultinomialNB,no_balance,0.3,"Counter({np.int64(0): 3319, np.int64(1): 995})"
class_balancing_study,RandomForest_balanced_ratio_0.3,{},5.381946086883545,0.48703503608703613,0.9768303985171455,0.9718470136358699,0.9624497991967871,0.9670432512275549,,0.9789837246462143,0.002701006440032768,0.97192080760025,0.004453637046554359,0.9687480566436831,0.004819553073647848,0.9702897876296287,0.0038376744922488555,0.9970245352283111,0.0008060188253877523,RandomForest,balanced,0.3,"Counter({np.int64(0): 3319, np.int64(1): 995})"
class_balancing_study,SVM_balanced_ratio_0.3,{},38.8132438659668,2.1410655975341797,0.9851714550509731,0.9804213056680162,0.977710843373494,0.9790574900042701,,0.9840065814766918,0.0038101232277217654,0.9767767471543058,0.006783146715768049,0.9783461730685445,0.005314155962290948,0.977515047647598,0.005307811343604787,0.998377223850266,0.0009113437061438055,SVM,balanced,0.3,"Counter({np.int64(0): 3319, np.int64(1): 995})"
class_balancing_study,RandomForest_balanced_subsample_ratio_0.3,{},13.235312700271606,0.9169435501098633,0.9759036144578314,0.9711846027391834,0.9604417670682731,0.9656756227670924,,0.9790608849325946,0.002370236083614788,0.9727152567371381,0.003500171426210884,0.9680945885758486,0.004852696100949119,0.9703492891103064,0.0034045085528067436,0.9969252233472876,0.001070097845155666,RandomForest,balanced_subsample,0.3,"Counter({np.int64(0): 3319, np.int64(1): 995})"
class_balancing_study,RandomForest_no_balance_ratio_0.5,{},12.819817543029785,1.27420973777771,0.9911646586345382,0.9870892018779343,0.9933734939759036,0.990124811708029,,0.9827908619402232,0.002373262543380225,0.9791900069132378,0.002920354133186241,0.9823240881760104,0.003298321357022071,0.9807009943920186,0.0026678726040556293,0.9988399049230228,0.000404824072035054,RandomForest,no_balance,0.5,"Counter({np.int64(0): 3319, np.int64(1): 1659})"
class_balancing_study,SVM_no_balance_ratio_0.5,{},53.73395752906799,2.7126970291137695,0.993574297188755,0.9921932019601709,0.9933734939759036,0.9927797624570845,,0.9848000376716245,0.0030860920204453532,0.9828722827292632,0.0033808487886293373,0.9829757120007602,0.004239137443834426,0.9828970963271788,0.003486695632359292,0.9990912576308215,0.0003607470121271871,SVM,no_balance,0.5,"Counter({np.int64(0): 3319, np.int64(1): 1659})"
class_balancing_study,MultinomialNB_no_balance_ratio_0.5,{},13.042253017425537,1.2027842998504639,0.9389558232931727,0.9300685492239928,0.9331325301204819,0.9315708475321535,,0.9405376951692869,0.004958598566908721,0.9315584311994426,0.005643686751662997,0.9354115966721712,0.006043351714264993,0.933398584142166,0.005587787863028485,0.9827655071004564,0.003224440746299568,MultinomialNB,no_balance,0.5,"Counter({np.int64(0): 3319, np.int64(1): 1659})"
class_balancing_study,RandomForest_balanced_ratio_0.5,{},15.441800832748413,1.3004016876220703,0.9927710843373494,0.9904545454545455,0.9933734939759036,0.9918917452104854,,0.9828577290737491,0.0037139924417479444,0.9794248066115272,0.004664416941593385,0.9822231551734958,0.004197842983063804,0.9807723501959688,0.004148891450476502,0.9986281441542322,0.0007684655398719734,RandomForest,balanced,0.5,"Counter({np.int64(0): 3319, np.int64(1): 1659})"
class_balancing_study,SVM_balanced_ratio_0.5,{},55.340983390808105,2.7327706813812256,0.9943775100401606,0.9922510822510823,0.9951807228915663,0.9936935796081553,,0.9858708535986492,0.003123523256755608,0.9828447172415741,0.0042504673915477395,0.9855365600783564,0.0030292541206969163,0.9841525581745162,0.0034795947257632983,0.9991014177191794,0.00036539775396383646,SVM,balanced,0.5,"Counter({np.int64(0): 3319, np.int64(1): 1659})"
class_balancing_study,RandomForest_balanced_subsample_ratio_0.5,{},15.230636596679688,1.2385306358337402,0.9903614457831326,0.9869631240185675,0.9915662650602409,0.9892081342063139,,0.9825897896443396,0.0038240218287535063,0.9791282598170967,0.004470389860923728,0.981921419873147,0.00482708242751764,0.9804677618796539,0.0043004571605919535,0.9987851461703107,0.0004156010379336808,RandomForest,balanced_subsample,0.5,"Counter({np.int64(0): 3319, np.int64(1): 1659})"
class_balancing_study,RandomForest_no_balance_ratio_1.0,{},15.888198137283325,1.114372730255127,0.984271523178808,0.9813791610835447,0.9820711417096959,0.9817241211820079,,0.9798481711525191,0.0045022792078123,0.9763308526610724,0.005285183644457337,0.9768635244313175,0.005616484694023227,0.9765757707304318,0.0052421078282653185,0.9978365321906247,0.0009456124297178715,RandomForest,no_balance,1.0,"Counter({np.int64(0): 3319, np.int64(1): 1511})"
class_balancing_study,SVM_no_balance_ratio_1.0,{},51.80115532875061,2.745508909225464,0.9867549668874173,0.985983405788738,0.9831580289411614,0.9845540098199672,,0.9807453416149069,0.005054474375045011,0.9789703768910736,0.005125251997749865,0.9761917336721763,0.007226257179878518,0.9775279514948029,0.005964436910260266,0.9984465981542703,0.0006564156252677212,SVM,no_balance,1.0,"Counter({np.int64(0): 3319, np.int64(1): 1511})"
class_balancing_study,MultinomialNB_no_balance_ratio_1.0,{},14.31872010231018,1.0759775638580322,0.9486754966887417,0.9368247298919568,0.945362401988908,0.9409067238957882,,0.9387853692201518,0.00705015474899772,0.9264271202805499,0.0078973943976985,0.9324464075652964,0.00894530594132592,0.9293077589254585,0.008230508302554325,0.9798162494102053,0.003196096625143042,MultinomialNB,no_balance,1.0,"Counter({np.int64(0): 3319, np.int64(1): 1511})"
class_balancing_study,RandomForest_balanced_ratio_1.0,{},14.494762659072876,1.0983221530914307,0.9826158940397351,0.9788106142113131,0.9808663224325875,0.9798292547367617,,0.9778467908902692,0.004610984979569384,0.974847372509038,0.0052980616983719754,0.9736042740171538,0.005892349636435353,0.9742004847116823,0.005378521013627961,0.997759419805108,0.0007826332979670995,RandomForest,balanced,1.0,"Counter({np.int64(0): 3319, np.int64(1): 1511})"
class_balancing_study,SVM_balanced_ratio_1.0,{},57.631462812423706,2.698014736175537,0.9875827814569537,0.9852239561285969,0.985921463632307,0.9855716746173746,,0.9826086956521739,0.003968103936912359,0.9793747865310817,0.00401720704509305,0.9802528823867657,0.00580329629383796,0.979783675815472,0.004661610218235943,0.9985353172136342,0.0006526812302216868,SVM,balanced,1.0,"Counter({np.int64(0): 3319, np.int64(1): 1511})"
class_balancing_study,RandomForest_balanced_subsample_ratio_1.0,{},15.240516662597656,1.110741138458252,0.9859271523178808,0.9839747579695295,0.9832759609868044,0.9836243226971704,,0.978191856452726,0.004250894021928101,0.9750421742118002,0.004401762840325795,0.9742172805722018,0.005901488376979328,0.9746084765259554,0.004989897759550392,0.9977669606960713,0.0008170630812760147,RandomForest,balanced_subsample,1.0,"Counter({np.int64(0): 3319, np.int64(1): 1511})"
